<?xml version="1.0" encoding="UTF-8"?>
<configuration>
    <include resource="org/springframework/boot/logging/logback/defaults.xml" />

    <springProfile name="default">
        <include resource="org/springframework/boot/logging/logback/console-appender.xml"/>

        <root level="INFO">
            <appender-ref ref="CONSOLE"/>
        </root>
    </springProfile>
    <springProfile name="prod">
    	<property name="HOME_LOG" value="logs/wms-prod.log"/>

	    <appender name="FILE-ROLLING" class="ch.qos.logback.core.rolling.RollingFileAppender">
	        <file>${HOME_LOG}</file>
	
	        <rollingPolicy class="ch.qos.logback.core.rolling.SizeAndTimeBasedRollingPolicy">
	            <fileNamePattern>logs/archived/app.%d{yyyy-MM-dd}.%i.log.gz</fileNamePattern>
	            <!-- each archived file, size max 10MB -->
	            <maxFileSize>10MB</maxFileSize>
	            <!-- total size of all archive files, if total size > 20GB, 
					it will delete old archived file -->
	            <totalSizeCap>20GB</totalSizeCap>
	            <!-- 60 days to keep -->
	            <maxHistory>60</maxHistory>
	        </rollingPolicy>
	
	        <encoder>
	            <pattern>%d %p %c{1.} [%t] %m%n</pattern>
	        </encoder>
	    </appender>
	
	    <logger name="com.bwc.ril" level="debug" additivity="false">
	        <appender-ref ref="FILE-ROLLING"/>
	    </logger>
	
	    <root level="error">
	        <appender-ref ref="FILE-ROLLING"/>
	    </root>
    
     </springProfile>
     
 </configuration>